units,eV
E_cav_0,2173.5517720528937
Rabi,31.283772625237788
n,1.8606790910804636
E_vib,2167.634700560131
