units,eV
E_cav_0,2186.9673919437837
Rabi,31.937820724966624
n,1.6956686593528785
E_vib,2168.4766457467194
