units,eV
E_cav_0,2160.270869456489
Rabi,39.785163635506024
n,1.7795343089395848
E_vib,2169.236835525571
