units,eV
E_cav_0,2171.1982848379644
Rabi,49.483955410125915
n,1.4456264450073684
E_vib,2172.456017855028
