units,eV
E_cav_0,2184.9342088900235
Rabi,59.21025498164768
n,1.53175976377372
E_vib,2167.7890370945047
