units,eV
E_cav_0,2179.8755621219866
Rabi,61.827381967514626
n,1.607082481470198
E_vib,2160.2432967930226
