"Wavelength, µm","n","k"
0.19077,1.017,1.1
0.19136,1.02,1.104
0.19195,1.023,1.108
0.19255,1.026,1.111
0.19315,1.029,1.115
0.19375,1.032,1.118
