"Wavelength, µm","n","k"
0.19077,1.277,1.352
0.19136,1.278,1.353
0.19195,1.28,1.354
0.19255,1.282,1.354
0.19315,1.283,1.355
0.19375,1.285,1.356
