"Wavelength, µm","n","k"
1.53846,1.44325,0.00002
1.53941,1.44324,0.00002
1.54036,1.44323,0.00002
1.54131,1.44322,0.00002
1.54226,1.44321,0.00002
1.54321,1.4432,0.00002
