units,eV
E_cav_0,2152.3029847827956
Rabi,55.48912528530337
n,1.7484143674094776
E_vib,2173.349535896615
