units,eV
E_cav_0,2161.9526484121197
Rabi,63.04769354673599
n,1.865030720747385
E_vib,2166.0851303157815
