units,eV
E_cav_0,2176.1985187838486
Rabi,54.23495760276981
n,1.7595388770279368
E_vib,2165.91543268797
