units,eV
E_cav_0,2157.310624712332
Rabi,70.10768170648518
n,1.8247526823410647
E_vib,2164.5630935641357
