units,eV
E_cav_0,2157.0153796983373
Rabi,70.19313414898113
n,1.8716704451910897
E_vib,2165.6312627282036
