units,eV
E_cav_0,2170.7664137486972
Rabi,61.39318114518891
n,1.8431689532043214
E_vib,2162.9829378215813
