units,eV
E_cav_0,2139.4217521444107
Rabi,65.65688754220665
n,1.941628198623345
E_vib,2163.910937788701
