units,eV
E_cav_0,2117.988698171756
Rabi,63.34166199972123
n,1.812112549131659
E_vib,2167.898286190613
