units,eV
E_cav_0,2125.568375704284
Rabi,54.89206272105233
n,2.063736841247958
E_vib,2168.400428713164
