units,eV
E_cav_0,2162.420842728686
Rabi,19.37134449824675
n,1.0762351525405596
E_vib,2191.7736904591193
