units,eV
E_cav_0,2123.5892099399193
Rabi,-0.0005508724217690767
n,1.1428622184349904
E_vib,2168.6678723071723
