units,eV
E_cav_0,2158.4991754578914
Rabi,37.78213434845273
n,1.6511979208666696
E_vib,2169.782307941666
