units,eV
E_cav_0,2172.863960692479
Rabi,29.273706298410296
n,1.6178749175792697
E_vib,2165.3921590973387
