units,eV
E_cav_0,2159.4130241736316
Rabi,34.79994623134905
n,1.9508781202813246
E_vib,2168.678503673912
