units,eV
E_cav_0,2164.1326984678485
Rabi,39.80188437381467
n,1.678185269557694
E_vib,2163.0399959269525
