units,eV
E_cav_0,2124.110699983747
Rabi,33.43151448472628
n,2.4600381967713423
E_vib,2165.3969460991884
