units,eV
E_cav_0,2163.2599425927338
Rabi,28.585781400799174
n,1.5787400186684648
E_vib,2172.3487319110213
