units,eV
E_cav_0,2175.989242850754
Rabi,126.16039926152446
n,2.146256093928729
E_vib,2148.8441029650558
