units,eV
E_cav_0,2145.2750776407024
Rabi,77.41978856001437
n,1.6255970312061132
E_vib,2092.7850774430717
