units,eV
E_cav_0,2208.508350392916
Rabi,76.08941565825813
n,2.110902063815858
E_vib,2214.964795932709
