units,eV
E_cav_0,2163.9156322735166
Rabi,31.288910066732168
n,1.6217843851229927
E_vib,2168.1105183187797
