units,eV
E_cav_0,2124.3426638626133
Rabi,49.17154699488967
n,1.725782808676206
E_vib,2168.306666163901
