units,eV
E_cav_0,2154.726557027553
Rabi,84.55694877625335
n,1.836293935400251
E_vib,2082.280897355814
