units,eV
E_cav_0,2152.3225237935167
Rabi,52.23250577594133
n,1.6391561268580328
E_vib,2168.8274087298905
