units,eV
E_cav_0,2135.9747713697184
Rabi,61.219691057757686
n,1.6731250601752192
E_vib,2161.430629858163
