units,eV
E_cav_0,2135.5070403833492
Rabi,53.95079361732533
n,1.739193074119995
E_vib,2166.993832229372
