units,eV
E_cav_0,2175.644175536912
Rabi,66.51540378831237
n,1.8009066725997758
E_vib,2165.795291439354
