units,eV
E_cav_0,2145.9552980346316
Rabi,65.52078738380062
n,1.69672788933987
E_vib,2167.2066412599247
