units,eV
E_cav_0,0.27198960355950774
Rabi,0.008005427227704491
n,1.6192099499010528
E_vib,0.26782018122860146
